{"cameraMode":{"drawMode":0,"name":"Shaded","section":"Shading Mode"},"sceneLighting":true,"audioPlay":false,"sceneViewState":{"m_AlwaysRefresh":false,"showFog":true,"showSkybox":true,"showFlares":true,"showImageEffects":true,"showParticleSystems":true,"showVisualEffectGraphs":true,"m_FxEnabled":true},"in2DMode":false,"pivot":{"x":-4.080654144287109,"y":0.5821583867073059,"z":10.640207290649414},"rotation":{"x":0.26832178235054018,"y":-0.3913087546825409,"z":0.12039065361022949,"w":0.8720203638076782},"size":1.3670973777770997,"orthographic":false}