{"cameraMode":{"drawMode":0,"name":"Shaded","section":"Shading Mode"},"sceneLighting":true,"audioPlay":false,"sceneViewState":{"m_AlwaysRefresh":false,"showFog":true,"showSkybox":true,"showFlares":true,"showImageEffects":true,"showParticleSystems":true,"showVisualEffectGraphs":true,"m_FxEnabled":true},"in2DMode":false,"pivot":{"x":-2.7244412899017336,"y":-2.4766063690185549,"z":18.418773651123048},"rotation":{"x":-0.23030397295951844,"y":-0.057764772325754169,"z":0.013663028366863728,"w":-0.9713350534439087},"size":5.242866516113281,"orthographic":false}