{"cameraMode":{"drawMode":0,"name":"Shaded","section":"Shading Mode"},"sceneLighting":true,"audioPlay":false,"sceneViewState":{"m_AlwaysRefresh":false,"showFog":true,"showSkybox":true,"showFlares":true,"showImageEffects":true,"showParticleSystems":true,"showVisualEffectGraphs":true,"m_FxEnabled":true},"in2DMode":false,"pivot":{"x":-4.826655864715576,"y":0.44118738174438479,"z":10.423235893249512},"rotation":{"x":0.1863805502653122,"y":-0.7611358165740967,"z":0.5690658092498779,"w":0.24926984310150147},"size":1.6670973300933838,"orthographic":false}